{
  "Ours": {
    "clip_i": 0.6722470744298055,
    "clip_i_curve": 0.6887619835989816,
    "dino_id": 0.4877020962687945,
    "dino_crop": 0.48011013006488257,
    "clip_t": 0.35051225706934935
  }
}