{
  "Ours": {
    "clip_i": 0.7050071814885506,
    "clip_i_curve": 0.7268110832997732,
    "dino_id": 0.48138515620903916,
    "dino_crop": 0.46747082992088657,
    "clip_t": 0.3498011545836926
  }
}