{
  "Ours": {
    "clip_i": 0.6759427095835026,
    "clip_i_curve": 0.6870282411575317,
    "dino_id": 0.4509165539492875,
    "dino_crop": 0.4693923985065762,
    "clip_t": 0.34763384595513347,
    "chimera_rate": 0.02
  }
}