{
  "Ours": {
    "clip_i": 0.7781889377649014,
    "dino_id": 0.5566673589406839,
    "clip_t": 0.3482444465160369
  },
  "StoryDiffusion": {
    "clip_i": 0.7062944768025325,
    "dino_id": 0.5874235310752032,
    "clip_t": 0.34892197161912925
  },
  "Markovian": {
    "clip_i": 0.7805565506219865,
    "dino_id": 0.5616313089503973,
    "clip_t": 0.3441800383031368
  },
  "NoBridge": {
    "clip_i": 0.7807074526181589,
    "dino_id": 0.5562834239365577,
    "clip_t": 0.3466770180165768
  },
  "GlobalInject": {
    "clip_i": 0.7844066561185398,
    "dino_id": 0.5647681018411247,
    "clip_t": 0.34741189184784893
  }
}