{
  "Ours": {
    "clip_i": 0.709386814557589,
    "clip_i_curve": 0.7404381270919528,
    "dino_id": 0.47908556022096516,
    "dino_crop": 0.48967758391139127,
    "clip_t": 0.3477443331480027
  }
}