{
  "Ours": {
    "clip_i": 0.7091263230030352,
    "clip_i_curve": 0.7403885279382978,
    "dino_id": 0.5067149193697544,
    "dino_crop": 0.47671111517174297,
    "clip_t": 0.3502549070119858,
    "chimera_rate": 0.030000000000000006
  }
}