{
  "Ours": {
    "clip_i": 0.6712158237512297,
    "clip_i_curve": 0.6870671127523694,
    "dino_id": 0.47117732449672955,
    "dino_crop": 0.46128489249277604,
    "clip_t": 0.3517504957318306,
    "chimera_rate": 0.04
  }
}